[
  {
    "hand_id": "hand_001",
    "hole_cards": ["Ah", "Kh"],
    "board": ["Jh", "Ts", "2c"],
    "pot_size": 12.5,
    "stack_sizes": [95.5, 98.0, 100.0, 94.0, 105.0, 102.0],
    "hero_position": 0,
    "positions": {
      "hero": "BB",
      "villain1": "UTG",
      "villain2": "MP",
      "villain3": "CO",
      "villain4": "BTN",
      "villain5": "SB"
    },
    "betting_history": [
      {"round": "preflop", "player": 1, "action": "raise", "amount": 3.0},
      {"round": "preflop", "player": 2, "action": "fold"},
      {"round": "preflop", "player": 3, "action": "call", "amount": 3.0},
      {"round": "preflop", "player": 4, "action": "fold"},
      {"round": "preflop", "player": 5, "action": "fold"},
      {"round": "preflop", "player": 0, "action": "call", "amount": 2.0},
      {"round": "flop", "player": 0, "action": "check"},
      {"round": "flop", "player": 1, "action": "bet", "amount": 4.5},
      {"round": "flop", "player": 3, "action": "fold"}
    ],
    "current_round": "flop",
    "current_player": 0,
    "legal_actions": [
      {"action_id": 0, "action_type": "fold"},
      {"action_id": 1, "action_type": "call", "amount": 4.5},
      {"action_id": 2, "action_type": "raise_half_pot", "amount": 10.75},
      {"action_id": 3, "action_type": "raise_pot", "amount": 17.0},
      {"action_id": 4, "action_type": "raise_2x_pot", "amount": 29.5}
    ],
    "villains_stats": {
      "1": {"vpip": 22.5, "pfr": 18.2, "af": 2.1, "3bet": 8.5, "hands": 280},
      "3": {"vpip": 35.0, "pfr": 12.3, "af": 1.2, "3bet": 3.2, "hands": 185} 
    }
  },
  {
    "hand_id": "hand_002",
    "hole_cards": ["Jd", "Jc"],
    "board": ["Ts", "7h", "3c", "2d"],
    "pot_size": 28.0,
    "stack_sizes": [88.0, 120.0, 95.0, 93.0, 100.0, 102.0],
    "hero_position": 0,
    "positions": {
      "hero": "CO",
      "villain1": "BTN",
      "villain2": "SB",
      "villain3": "BB",
      "villain4": "UTG",
      "villain5": "MP"
    },
    "betting_history": [
      {"round": "preflop", "player": 4, "action": "fold"},
      {"round": "preflop", "player": 5, "action": "fold"},
      {"round": "preflop", "player": 0, "action": "raise", "amount": 3.0},
      {"round": "preflop", "player": 1, "action": "call", "amount": 3.0},
      {"round": "preflop", "player": 2, "action": "fold"},
      {"round": "preflop", "player": 3, "action": "call", "amount": 2.0},
      {"round": "flop", "player": 3, "action": "check"},
      {"round": "flop", "player": 0, "action": "bet", "amount": 5.0},
      {"round": "flop", "player": 1, "action": "call", "amount": 5.0},
      {"round": "flop", "player": 3, "action": "fold"},
      {"round": "turn", "player": 0, "action": "bet", "amount": 6.0},
      {"round": "turn", "player": 1, "action": "raise", "amount": 14.0}
    ],
    "current_round": "turn",
    "current_player": 0,
    "legal_actions": [
      {"action_id": 0, "action_type": "fold"},
      {"action_id": 1, "action_type": "call", "amount": 8.0},
      {"action_id": 2, "action_type": "raise_half_pot", "amount": 26.0},
      {"action_id": 3, "action_type": "raise_pot", "amount": 36.0},
      {"action_id": 4, "action_type": "all_in", "amount": 88.0}
    ],
    "villains_stats": {
      "1": {"vpip": 28.0, "pfr": 20.1, "af": 3.5, "3bet": 7.8, "hands": 320},
      "3": {"vpip": 18.5, "pfr": 14.2, "af": 1.8, "3bet": 5.2, "hands": 250}
    }
  }
]